cod,homicidios
1708205,5
5300108,786
5222302,0
5222203,1
5222054,1
5222005,2
5221908,1
5221858,103
5221809,0
5221700,7
5221601,7
5221577,1
5221551,2
5221502,0
5221452,1
5221403,9
5221304,0
5221197,3
5221080,0
5221007,0
5220702,0
5220686,2
5220603,0
5220454,13
5220504,2
5220405,3
5220280,0
5220264,0
5220207,6
5220157,1
5220108,4
5220058,1
5220009,2
5219902,1
5219803,3
5219753,38
5219738,0
5219712,1
5219704,2
5219605,0
5219506,0
5219456,1
5219407,2
5219357,0
5219308,16
5219258,0
5219209,0
5219100,0
5219001,0
5218904,0
5218805,91
5218789,0
5218706,3
5218607,2
5218508,4
5218391,1
5218300,7
5218102,1
5218052,0
5218003,4
5217708,5
5217609,40
5217401,2
5217302,5
5217203,3
5217104,4
5216908,0
5216809,0
5216452,0
5216403,0
5216007,0
5216304,0
5215900,0
5212808,0
5212709,0
5212600,0
5212501,144
5212303,2
5212253,0
5212204,1
5212105,1
5212055,1
5212006,1
5211909,36
5211800,2
5211701,0
5211602,0
5211503,12
5211404,0
5211305,0
5211206,3
5211008,2
5210901,4
5210802,0
5210604,1
5210562,1
5210406,8
5210307,0
5210208,9
5210158,2
5210109,2
5210000,30
5209952,3
5209937,0
5209903,7
5209804,1
5209705,3
5209606,0
5209457,0
5209291,1
5209408,2
5209200,2
5209150,1
5209101,7
5208905,3
5208806,14
5208707,402
5208608,20
5208509,1
5208400,2
5208301,1
5208152,0
5208103,0
5208004,48
5207907,1
5207808,0
5207600,2
5207535,0
5207501,2
5207402,5
5207352,0
5207253,1
5207105,1
5206909,0
5206800,0
5206701,2
5206602,0
5206503,1
5206404,0
5206305,1
5206206,23
5205802,0
5205901,1
5205703,0
5205513,7
5205521,0
5205497,31
5205471,2
5205455,1
5205406,2
5205307,0
5205208,0
5205109,8
5205059,1
5205000,1
5204953,1
5204904,6
5204854,1
5204805,3
5204706,3
5204656,2
5204607,0
5204557,0
5204508,17
5204409,4
5204300,1
5204250,1
5204102,2
5204201,0
5204003,0
5203906,0
5203807,0
5203609,0
5203575,0
5203559,1
5203500,1
5203401,2
5203203,2
5203302,7
5203104,0
5202809,0
5106299,1
5106281,0
5106273,2
5106265,2
5106257,2
5106240,4
5106232,3
5106224,5
5106216,1
5106208,0
5106190,0
5106182,3
5106174,0
5106158,8
5106109,2
5106000,1
5105903,4
5105622,4
5105606,6
5105580,3
5105507,1
5105309,0
5105259,11
5105234,2
5105176,2
5105200,4
5105150,7
5105101,12
5105002,2
5104906,1
5104807,5
5104609,2
5104559,0
5104542,5
5104526,0
5104500,0
5104203,3
5104104,11
5103957,0
5103908,1
5103858,0
5103809,0
5103700,3
5103601,2
5103502,9
5103452,2
5103437,2
5103403,218
5103379,4
5103361,0
5103353,9
5103304,7
5103254,16
5103205,5
5103106,3
5103056,4
5103007,3
5102850,1
5102793,1
5102694,1
5102702,5
5102686,1
5102678,12
5102637,12
5102603,2
5102504,14
5101902,7
5101852,1
5101803,7
5101704,14
5101605,1
5101407,8
5101308,6
5215801,0
5215702,6
5215652,0
5215603,17
5215504,1
5215405,2
5215306,1
5215256,0
5215231,69
5215207,1
5215009,0
5214903,0
5214879,1
5214861,0
5214838,2
5214705,1
5214606,16
5214507,13
5214408,0
5214101,1
5214051,1
5214002,2
5213905,0
5213855,0
5213806,7
5213772,0
5213756,3
5213707,2
5213509,1
5213400,0
5213103,10
5213087,8
5213053,0
5213004,1
5212956,0
5212907,0
5101258,4
5101209,1
5101001,0
5100805,0
5100607,4
5100508,6
5100409,2
5100359,0
5100300,6
5100250,10
5100201,6
5100102,1
5008404,0
5008305,36
5008008,5
5007976,0
5007950,7
5007935,0
5007901,12
5007802,0
5007703,5
5007695,1
5007554,0
5007505,1
5007406,6
5007307,0
5007109,4
5007208,14
5006903,3
5006606,46
5006408,1
5006358,5
5006309,3
5006275,0
5006259,1
5006200,10
5006002,9
5005806,2
5005707,14
5005681,5
5005608,5
5005400,15
5005251,1
5005202,2
5005152,1
5001003,8
5000906,4
5000856,4
5000807,0
5000708,4
5000609,18
5000252,2
5000203,6
4323804,1
4323770,0
4323754,1
4323705,1
4323606,0
4323507,0
4323457,0
4323408,0
4323309,0
4323200,1
4323101,2
4323002,80
4322905,0
4322855,0
4322806,3
4322707,1
4322608,8
4322558,0
4322541,0
4322533,0
4322525,0
4322509,16
4322400,16
4322376,0
4322350,0
4322301,1
4322343,0
4322202,4
4322251,0
4322152,0
4322186,1
4322103,0
4322004,3
4321956,4
4321907,2
4321857,1
4321832,2
4321808,1
4321709,1
4321667,0
4321634,0
4321600,12
4321501,5
4321493,0
4321477,0
4321469,0
4321451,2
4321436,2
4321402,4
4321352,0
4321329,1
4321303,2
4321204,5
4321105,1
4321006,0
4320909,0
4320859,1
4320701,2
4320800,4
5202601,0
5202502,0
5202353,0
5202155,3
5201801,1
5201702,5
5201603,0
5201504,0
5201454,0
5201405,199
5201306,0
5201108,90
5200902,0
5200852,0
5200829,0
5200803,8
5200605,0
5200555,1
5200506,0
5200308,17
5200258,108
5200209,0
5200175,1
5200159,0
5200134,3
5200100,1
5200050,2
5108956,3
5108907,3
5108857,0
5108808,0
5108600,10
5108501,2
5108402,119
5108303,0
5108352,0
5108055,2
5108204,0
5108105,0
5108006,4
5107958,30
5107941,2
5107925,15
5107883,0
5107909,36
5107875,4
5107859,0
5107800,6
5107792,2
5107776,4
5107768,0
5107750,0
5107743,0
5107701,2
5107602,76
5107578,0
5107404,2
5107354,3
5107305,6
5107297,0
5107263,1
5107248,1
5107206,2
5107198,0
5107180,2
5107156,0
5107107,4
5107065,1
5107040,21
5107008,3
5106851,0
5106828,1
5106802,4
5106778,1
5106752,19
5106703,0
5106653,0
5106505,4
5106455,0
5106422,14
5106372,2
5106307,7
5106315,0
4320677,0
4320651,0
4320602,0
4320578,0
4320552,0
4320503,0
4320453,0
4320404,1
4320354,0
4320321,0
4320305,0
4320263,1
4320230,0
4320206,3
4320107,2
4320008,47
4319901,6
4319802,0
4319752,1
4319737,0
4319711,0
4319703,1
4319604,0
4319505,1
4319406,1
4319372,0
4319364,0
4319356,0
4319208,0
4319307,0
4319125,1
4319158,2
4319109,0
4319000,0
4318903,10
4318804,3
4318705,90
4318622,0
4318606,1
4318499,0
4318507,2
4318002,6
4317905,1
4317806,0
4317756,0
4317707,7
4317608,1
4317558,0
4317509,8
4317400,3
4317301,7
4317202,5
4317251,0
4317103,11
4317004,4
4316956,0
4316907,34
4316808,10
4316758,0
4316733,0
4316709,3
4316600,0
4316501,0
4316451,1
4316436,0
4316402,6
4316428,1
4316204,4
4316303,0
4316105,0
4316006,1
4315958,0
4315909,1
4315800,0
4315750,1
4315701,3
4315602,26
4315552,0
4315503,0
4315453,0
4315404,1
4315354,0
4315321,0
4315313,0
4315305,4
4315206,1
4315156,0
4315107,0
4315073,0
4315057,0
4315008,1
4314902,466
4314803,6
4314787,0
4314779,1
4314753,0
4314704,6
4314605,0
4314555,0
4314548,0
4314506,1
4314498,0
4314472,1
4314464,0
4314456,1
4314423,0
4314407,36
4314308,0
5005103,0
5005004,2
5004908,1
5004809,3
5004700,3
5004601,13
5004502,2
5004403,1
5004304,7
5004106,4
5004007,1
5003900,1
5003751,3
5003801,2
5003702,79
5003504,0
5003488,0
5003454,1
5003306,2
5003256,0
5003207,24
5003157,12
5003108,2
5002951,3
5002902,4
5002803,1
5002704,184
5002605,4
5002407,15
5002308,2
5002209,1
5002159,2
5002100,0
5001904,4
5002001,3
5001508,1
5001243,4
5001102,5
4314209,0
4314175,1
4314134,0
4314159,1
4314100,58
4314076,0
4314068,0
4314050,2
4314035,0
4314027,0
4314001,0
4313953,0
4313904,1
4313805,1
4313706,8
4313656,4
4313607,0
4313508,6
4313490,1
4313466,0
4313441,1
4313425,1
4313409,62
4313391,3
4313375,1
4313359,0
4313334,0
4313300,0
4313201,0
4313102,0
4313086,0
4313060,1
4313037,0
4313011,0
4313003,0
4312500,1
4312609,2
4312476,0
4312450,0
4312427,0
4312443,0
4312401,8
4312385,0
4312377,2
4312302,1
4312252,0
4312203,1
4312153,0
4312179,0
4312138,2
4312104,0
4312054,1
4311981,1
4311908,0
4311759,0
4311775,3
4311809,4
4311734,0
4311718,0
4311700,1
4311627,0
4311601,1
4311502,1
4311429,0
4311403,8
4311304,8
4311254,1
4311239,0
4311205,3
4311155,1
4311130,1
4311122,0
4311106,0
4311007,2
4310876,1
4310900,1
4310850,0
4310801,0
4310751,0
4310702,2
4310603,4
4310652,0
4310579,1
4310553,1
4310538,0
4310504,3
4310462,0
4310439,0
4310413,1
4310405,0
4310330,4
4310363,0
4310306,0
4310207,9
4310108,6
4310009,2
4309951,1
4309902,0
4309803,1
4309753,0
4309704,2
4309654,1
4309605,1
4309571,0
4309555,0
4309506,0
4309407,3
4309308,42
4318465,0
4318457,0
4318440,1
4318432,0
4318424,0
4318408,1
4318309,7
4318200,4
4318101,1
4318051,0
4309258,0
4309209,46
4309159,1
4309126,2
4309100,2
4309050,1
4309001,1
4308904,0
4308854,0
4308805,1
4308706,1
4308656,0
4308607,1
4308508,6
4308458,0
4308433,0
4308409,0
4308300,5
4308250,1
4308201,3
4308102,0
4308078,1
4308052,0
4307906,9
4308003,1
4307831,0
4307864,0
4307815,2
4307807,0
4307708,25
4307609,3
4307559,0
4307500,0
4307450,0
4307401,0
4307302,2
4307203,1
4307104,1
4307054,1
4307005,17
4306957,1
4306973,0
4306932,0
4306924,0
4306908,6
4306809,1
4306767,7
4306734,0
4306759,0
4306601,11
4306700,1
4306551,2
4306502,0
4306452,0
4306429,0
4306403,2
4306379,0
4304705,12
4304697,0
4304689,0
4304671,0
4304663,2
4304655,0
4304630,15
4304622,0
4304614,0
4304606,124
4304507,4
4304408,7
4304358,0
4304309,1
4304200,7
4304002,0
4304101,1
4303905,9
4303806,0
4303707,0
4303673,0
4303608,0
4303558,0
4303509,7
4303400,2
4303301,0
4303202,0
4303103,21
4303004,10
4302907,1
4302808,1
4302709,2
4302659,0
4302600,1
4302501,0
4302451,0
4302378,1
4302402,0
4302352,1
4302303,2
4302253,0
4302238,0
4302220,0
4302204,0
4302154,0
4302105,17
4302055,0
4302006,4
4301958,0
4301909,1
4301875,0
4301859,0
4301750,2
4301800,0
4301701,0
4301651,0
4301636,2
4301602,12
4301503,0
4301404,2
4301305,2
4301206,0
4301107,1
4301057,1
4312955,0
4312906,0
4312807,0
4312757,1
4312708,4
4312674,0
4312658,1
4312617,0
4312625,0
4300901,0
4301008,2
4300877,0
4300851,0
4300802,1
4300703,1
4300661,0
4300646,3
4300604,109
4300638,1
4300554,0
4300505,5
4300455,2
4300406,7
4300307,0
4300208,0
4300109,1
4300059,0
4300034,0
4220000,0
4219705,7
4219606,0
4219507,3
4219408,0
4219358,0
4219309,3
4219200,3
4219176,0
4219150,0
4219101,0
4219002,0
4218954,0
4218905,1
4218855,0
4218806,0
4218756,0
4218707,17
4218608,0
4218509,0
4218400,0
4218350,0
4218301,6
4218251,0
4218202,4
4218103,1
4218004,1
4217808,1
4217956,0
4217907,1
4217758,1
4217709,0
4217600,1
4216107,0
4216057,1
4216008,1
4215901,0
4215802,11
4215752,1
4215703,0
4215695,0
4215687,0
4215679,2
4215653,0
4215604,0
4215554,0
4215505,5
4215455,1
4215406,0
4215356,2
4215307,0
4215208,1
4215109,2
4215075,0
4215059,0
4215000,3
4214904,2
4214805,3
4214706,0
4214607,2
4214508,1
4214409,0
4214300,0
4214201,1
4214151,0
4214102,0
4214003,0
4213906,0
4213807,0
4213708,0
4213609,4
4213500,2
4213401,1
4213351,0
4213302,0
4213203,0
4213153,0
4213104,0
4213005,1
4212908,1
4212809,0
4212700,1
4212601,0
4212650,0
4212502,4
4212403,0
4212304,1
4212270,0
4212254,0
4212239,0
4212205,2
4212106,2
4212056,0
4212007,1
4211900,20
4211892,0
4211876,0
4211850,0
4211801,0
4211751,0
4211702,2
4211652,0
4211603,0
4211504,1
4211454,1
4211405,0
4211306,21
4211256,0
4211207,1
4211108,0
4211058,0
4211009,1
4210902,2
4210852,0
4210803,0
4210704,2
4210605,1
4210555,0
4210506,1
4210407,0
4210308,1
4210209,0
4210100,10
4210050,0
4210001,0
4209904,0
4209854,0
4209805,0
4209706,2
4209607,2
4209508,0
4209458,0
4209409,10
4209300,23
4209177,0
4209151,0
4209102,84
4208955,0
4209003,3
4208906,12
4208807,0
4208708,2
4208609,0
4306353,0
4306320,1
4306304,0
4306205,0
4306130,0
4306106,19
4306072,1
4306056,1
4306007,1
4305975,0
4305959,0
4305934,0
4305900,2
4305850,0
4305835,0
4305801,1
4305702,0
4305603,0
4305587,0
4305504,2
4305454,1
4305447,0
4305405,0
4305439,0
4305371,0
4305355,3
4305306,2
4305207,0
4305173,1
4305157,1
4305132,1
4305124,1
4305108,127
4305009,1
4304952,1
4304903,0
4304853,0
4304804,0
4304713,1
4208500,0
4208450,1
4208401,0
4208302,12
4208203,55
4208104,2
4208005,0
4207908,1
4207858,1
4207809,2
4207759,0
4207700,0
4207650,0
4207684,1
4207601,0
4207577,1
4207502,4
4207403,0
4207304,4
4207205,0
4207007,5
4207106,1
4206900,1
4206801,0
4206751,0
4206702,2
4206652,0
4206603,0
4206504,0
4206405,1
4206306,0
4206207,0
4206108,0
4205902,6
4206009,0
4205803,1
4205704,2
4205605,1
4205555,0
4205506,6
4205456,1
4205431,0
4205407,93
4205357,0
4205308,1
4205209,0
4205191,0
4205175,0
4205159,0
4205100,0
4205001,1
4204905,2
4200051,0
4128807,1
4128708,0
4128658,1
4128633,3
4128609,0
4128625,1
4128559,1
4128534,1
4128500,5
4128401,1
4128302,0
4128203,17
4128104,41
4128005,1
4127965,0
4127957,1
4127908,2
4127882,2
4127858,2
4127809,0
4127700,26
4127601,2
4127502,3
4127403,2
4127304,3
4127205,1
4127106,26
4127007,2
4126900,0
4126801,1
4126702,5
4126678,4
4126652,4
4126603,1
4126504,4
4126405,1
4126355,0
4126306,2
4126272,1
4126256,44
4126207,1
4126108,1
4126009,1
4125902,0
4125803,0
4125704,14
4125753,3
4125605,6
4125555,0
4125506,167
4125456,2
4125407,1
4125357,0
4125308,0
4125209,1
4125100,2
4125001,6
4124905,1
4124806,1
4124707,2
4124608,1
4124509,1
4124400,3
4124301,0
4124202,0
4124103,4
4124020,1
4124053,15
4123956,0
4124004,0
4123857,2
4123907,1
4123824,1
4123808,0
4123709,2
4123600,0
4123501,12
4123402,1
4123303,2
4123204,0
4123105,1
4217550,0
4217501,1
4217303,1
4217402,1
4217253,0
4217204,5
4217154,0
4217105,0
4217006,0
4216909,2
4216800,0
4216701,2
4216602,32
4216503,3
4216404,0
4216354,1
4216305,2
4216255,0
4216206,8
4123006,0
4122909,0
4122800,0
4122701,0
4122651,0
4122602,0
4122503,3
4122305,3
4122404,28
4122206,17
4122172,0
4122156,6
4122107,0
4122008,1
4121901,1
4121802,1
4121752,2
4121703,6
4121604,2
4121505,4
4121406,0
4121356,0
4121307,0
4121257,6
4121208,4
4121109,0
4121000,6
4120903,7
4120853,1
4120804,9
4120705,0
4120655,0
4120606,3
4120507,0
4120408,1
4120333,1
4120358,0
4120200,2
4120309,0
4120150,0
4120002,4
4120101,2
4119954,14
4119905,69
4119806,2
4119707,1
4119657,0
4119509,103
4119608,6
4119400,4
4119301,7
4119251,0
4119202,1
4116604,0
4116703,6
4116505,0
4116406,0
4116307,1
4116208,5
4116109,0
4116059,2
4116000,0
4115903,0
4115853,0
4115804,9
4115754,2
4115739,1
4115705,11
4115606,9
4115507,0
4115457,2
4115408,0
4115358,0
4115309,2
4115200,36
4115101,3
4115002,2
4114906,2
4114807,4
4114708,4
4114500,4
4114609,18
4114351,2
4114401,4
4114302,8
4114203,4
4114104,3
4113908,2
4114005,2
4113809,0
4113759,0
4113734,2
4113700,121
4113601,0
4113452,1
4113502,5
4113429,0
4113403,0
4113304,13
4113254,3
4113205,12
4113106,1
4113007,1
4112959,0
4112900,0
4112801,0
4112751,0
4112702,3
4112504,2
4112405,0
4112306,1
4112207,2
4112108,4
4112009,8
4111902,6
4111803,3
4111704,0
4111605,0
4111555,1
4111506,6
4111407,2
4111308,0
4111258,8
4111209,2
4111100,1
4111001,3
4110953,0
4110904,0
4110805,1
4110706,8
4110656,2
4110508,0
4110607,7
4204806,4
4204756,0
4204707,0
4204608,17
4204558,3
4204509,0
4204459,2
4204400,1
4204350,0
4204301,6
4204251,4
4204202,31
4204194,0
4204178,0
4204152,0
4204103,0
4204004,3
4203956,1
4203907,2
4203808,6
4203709,1
4203600,10
4203501,2
4203402,0
4203303,2
4203253,1
4203204,22
4203154,0
4203105,0
4203006,10
4202909,4
4202875,1
4202859,0
4202800,2
4202701,0
4202602,1
4202578,0
4202537,1
4202503,0
4202453,1
4202438,0
4202404,34
4202305,15
4202131,0
4202206,1
4202156,0
4202107,1
4202099,0
4202073,0
4202081,1
4202057,3
4202008,20
4201950,5
4201901,0
4201802,0
4201703,0
4201653,0
4201604,0
4201505,1
4201406,5
4201307,5
4201273,0
4201257,1
4201208,2
4201109,0
4201000,0
4200903,1
4200804,0
4200754,0
4200705,1
4200606,1
4200408,3
4200507,0
4200200,0
4200309,1
4200101,5
4110409,1
4110300,1
4110201,3
4110102,9
4110078,4
4110052,0
4110003,1
4109906,1
4109807,10
4109757,2
4109708,7
4109658,0
4109609,24
4109500,0
4109401,43
4109302,3
4109203,2
4109104,1
4109005,0
4108957,0
4108908,0
4108809,29
4108700,1
4108650,4
4108601,10
4108551,0
4108502,4
4108452,1
4108403,8
4108320,0
4108304,172
4108205,1
4108106,0
4108007,9
4107900,0
4107850,1
4107801,0
4107751,0
4107736,0
4107702,2
4107652,49
4107603,6
4107553,1
4107546,1
4107538,0
4107520,0
4107504,1
4107405,2
4107306,0
4107256,1
4107207,4
4107157,0
4107124,1
4107108,2
4107009,7
4106902,764
4106852,1
4106803,2
4106704,0
4106605,3
4106571,2
4106555,0
4106506,8
4106407,12
4106456,1
4106308,6
4106209,2
4106100,0
3553955,1
3553856,0
3553906,0
3553807,0
3553708,1
3553658,0
3553609,0
3553500,2
3553401,2
3553302,0
3553104,0
3553203,0
3553005,3
3552908,0
3552809,50
3552700,2
3552601,1
3552551,1
3552403,44
3552502,48
3552205,90
3552304,0
3552106,0
3552007,0
3551900,2
3551801,0
3551702,12
3551603,1
3551504,7
3551405,3
3551306,0
3551207,2
3551108,0
3551009,67
3550902,1
3550803,1
3550704,19
3550605,7
3550506,0
3550407,2
3550308,1704
3550209,1
3550100,5
3550001,0
3549953,4
3549904,65
3549805,45
3549706,2
3549607,1
3549508,1
3549300,0
3549409,5
3549250,0
3549201,0
3549102,3
3549003,0
3548807,10
3548906,12
3548708,70
3548609,0
3548500,51
3548401,1
3548302,0
3548203,0
3548104,0
3548005,6
3548054,0
3547908,1
3547809,101
3547700,2
3547601,2
3547502,1
4119152,113
4119103,2
4119004,0
4118907,1
4118857,3
4118808,6
4118709,0
4118600,0
4118501,6
4118451,1
4118303,0
4118402,22
4118204,39
4118105,3
4118006,2
4117909,8
4117800,3
4117701,4
4117602,11
4117503,9
4117453,4
4117404,0
4117305,8
4117297,0
4117271,2
4117255,2
4117222,2
4117214,1
4117206,0
4117107,1
4117057,4
4117008,1
4116950,0
4116901,7
4116802,1
3547304,14
3547403,0
3547205,0
3547106,0
3547007,1
3546900,0
3546801,5
3546702,5
3546603,1
3546504,1
3546405,4
3546306,6
3546256,1
3546207,1
3546009,0
3545803,20
3545704,0
3545605,1
3545506,1
3545407,3
3545308,5
3545209,13
3545159,1
3545100,0
3545001,3
3544905,0
3544806,3
3544707,0
3544608,2
3544400,0
3544301,1
3544251,5
3528007,2
3527900,0
3527801,0
3527702,1
3527603,0
3527504,0
3527405,0
3527306,0
3527256,0
3527207,13
3527108,10
3527009,0
3526902,22
3526803,3
3526704,11
3526605,1
3526506,2
3526407,6
3526308,5
3526209,25
3526100,2
3526001,3
3525904,22
3525854,0
3525805,1
3525706,3
3525607,1
3525508,0
3525409,0
3525300,13
3525102,2
3525201,3
3525003,14
3524907,0
3524808,4
3524709,5
3524600,1
3524501,0
3524402,36
3524204,0
3524303,9
3524105,5
3524006,8
3523909,16
3523701,0
3523800,0
3523602,0
3523503,0
3523404,12
3523305,2
3523206,2
3523107,95
3523008,0
3522901,0
3522802,0
3522703,3
3522653,1
3522604,5
3522505,45
3522406,10
3522208,51
3522307,19
3522158,0
3522109,20
3522000,0
3521903,1
3521804,3
3521606,1
3521705,3
3521507,1
3521408,1
3521309,3
3521200,0
3521150,1
3521101,3
3521002,5
3520905,2
3520806,0
3520608,1
3520707,0
3520509,28
3520442,3
3520426,5
3520400,1
3520301,3
3520202,1
3520103,2
3520004,6
3519907,0
3519808,0
3519709,15
3519600,8
4106001,0
4105904,2
4105805,153
4105706,0
4105607,4
4105508,11
4105409,5
4105300,2
4105201,5
4105102,2
4105003,4
4104907,11
4104808,126
4104709,1
4104659,4
4104600,4
4104501,1
4104451,5
4104428,5
4104402,2
4104303,47
4104253,16
4104204,42
4104105,0
4104055,1
4104006,37
4103958,1
4103909,4
4103800,2
4103701,24
4103602,5
4103503,1
4103479,4
4103453,1
4103404,0
4103370,0
4103354,0
4103305,0
4103222,0
4103206,0
4103156,1
4103107,0
4103057,5
4103040,0
4103024,0
4103008,0
4102901,4
4102802,1
4102752,0
4102703,0
4102604,1
4102505,2
4102406,8
4102307,6
4102208,1
4102109,0
4102000,3
4101903,5
4101853,0
4101804,81
4101705,2
4101655,1
4101606,8
4101507,18
4101408,23
4101309,0
4101200,6
4101150,0
4101101,6
4101002,5
4101051,0
4100905,0
4100806,1
4100707,0
4100608,1
4100509,11
4100459,3
4100400,95
4100301,1
4100202,1
4100103,1
3557303,0
3557204,0
3557154,0
3557105,7
3557006,12
3556958,0
3556909,0
3556800,3
3556701,4
3556602,0
3556503,19
3556453,6
3556404,2
3556354,2
3556305,5
3556206,3
3556107,0
3556008,0
3555901,0
3555802,0
3555703,0
3555604,1
3555505,2
3555406,16
3555356,0
3555307,0
3555208,0
3555109,2
3555000,4
3554953,0
3554904,0
3554805,7
3554706,1
3554656,0
3554607,0
3554508,2
3554409,1
3554201,1
3554300,8
3554102,57
3554003,15
3519501,1
3519402,0
3519253,0
3519303,5
3519204,0
3519105,1
3519071,33
3519055,1
3519006,0
3518909,3
3518859,0
3518800,266
3518701,55
3518602,13
3518503,0
3518404,23
3518305,4
3518206,5
3518107,1
3518008,0
3517901,0
3517802,4
3517703,1
3517604,6
3517505,0
3517406,8
3517307,1
3517208,3
3517109,0
3517000,1
3516903,2
3516853,0
3516804,0
3516705,5
3516606,3
3516507,0
3516408,32
3516309,31
3516200,17
3516002,0
3515905,0
3515806,1
3515129,0
3515103,15
3515004,67
3514957,0
3514924,0
3514908,0
3514809,3
3514700,1
3514601,0
3514502,0
3514403,4
3514304,0
3514205,0
3514106,4
3514007,3
3513900,0
3513850,0
3513801,133
3513702,3
3513603,4
3513504,27
3513405,7
3513306,0
3513207,1
3513108,1
3513009,43
3512902,0
3512803,13
3512704,0
3512605,0
3512407,1
3512506,1
3512308,0
3512209,2
3512100,2
3512001,1
3511904,0
3511706,0
3511607,0
3511508,5
3511409,0
3511300,0
3511201,1
3511102,10
3511003,4
3510906,0
3510807,3
3510708,0
3510609,40
3510500,38
3510401,7
3510203,5
3510302,2
3510104,1
3510153,0
3510005,3
3509957,0
3509908,2
3509809,0
3509700,11
3509502,167
3509601,20
3509452,0
3509403,2
3509304,0
3509254,5
3509205,9
3509106,1
3509007,9
3508900,0
3508801,2
3508702,1
3508603,2
3508504,8
3508405,6
3508306,1
3508207,0
3508108,2
3508009,1
3507902,0
3507803,3
3544202,0
3544103,4
3544004,3
3543907,24
3543808,0
3543709,0
3543600,1
3543501,3
3543402,65
3543303,21
3543253,0
3543238,0
3543204,0
3543105,0
3543006,2
3542909,0
3542800,0
3542701,0
3542503,1
3542602,7
3542404,3
3542305,0
3542206,4
3542107,1
3542008,0
3541901,1
3541802,0
3541703,1
3541653,0
3541604,4
3541505,5
3541406,45
3541307,5
3541109,0
3540259,0
3540200,7
3540101,1
3540002,0
3539905,0
3539806,15
3539707,0
3539608,0
3539509,4
3539400,0
3539301,3
3539202,4
3539103,3
3539004,1
3538907,0
3538808,1
3538709,61
3538600,2
3538303,0
3538501,2
3538204,1
3538105,3
3538006,18
3537909,3
3537800,4
3537701,0
3537503,0
3537602,17
3537404,4
3537305,10
3537156,1
3537206,0
3537107,5
3537008,1
3536901,0
3536802,0
3536703,0
3536604,0
3536570,0
3536505,7
3536406,1
3536307,0
3536257,0
3536208,2
3536109,1
3535804,1
3536000,0
3535705,0
3535606,1
3535507,8
3535408,3
3535309,3
3535200,1
3535101,1
3535002,1
3534906,1
3534807,1
3534757,0
3534708,9
3534609,1
3534401,133
3534302,4
3534203,0
3534104,1
3534005,0
3533908,4
3533809,0
3533700,0
3533601,0
3533502,5
3533403,3
3533304,0
3533254,0
3533205,0
3533007,2
3533106,0
3532900,0
3532868,0
3532827,0
3532801,0
3532702,0
3532603,3
3532504,0
3532405,4
3532306,1
3532157,2
3532207,0
3532108,1
3532058,0
3532009,3
3531902,1
3531803,16
3531704,0
3531605,1
3531407,3
3531506,4
3531308,1
3531209,0
3531100,11
3531001,0
3530904,0
3530706,14
3530805,5
3530607,35
3530508,2
3530300,7
3530409,0
3530201,3
3530102,2
3530003,0
3529906,1
3529807,1
3529708,3
3529609,0
3529500,0
3529401,69
3529302,8
3529203,4
3529104,0
3529005,15
3528908,0
3528809,2
3528700,0
3528601,1
3528502,9
3528403,11
3528304,0
3528106,0
3528205,0
3507704,0
3507753,0
3507605,14
3507506,6
3507407,2
3507308,0
3507209,0
3507159,0
3507100,3
3507001,4
3506805,4
3506904,2
3506706,1
3506607,2
3506508,9
3506409,0
3506359,6
3506201,0
3506300,0
3506102,5
3506003,53
3505906,4
3505807,1
3505708,45
3505609,2
3505500,11
3505401,6
3505351,0
3505302,1
3505203,4
3505104,0
3505005,0
3504909,1
3504800,0
3504602,1
3504503,5
3504404,1
3504305,0
3504206,1
3504107,22
3504008,6
3503950,0
3503901,14
3503802,6
3503703,2
3503604,1
3503505,0
3501103,0
3501004,1
3500907,1
3500808,0
3500758,0
3500709,3
3500550,1
3500501,1
3500402,1
3500204,0
3500303,3
3500105,1
3306305,81
3306206,3
3306156,0
3306107,8
3306008,6
3305901,2
3305802,18
3305752,9
3305703,1
3305604,4
3305554,20
3305505,14
3305406,1
3305307,1
3305208,22
3305158,0
3305133,0
3305109,176
3305000,15
3304805,3
3304904,385
3304755,15
3304706,2
3304607,5
3304557,1867
3304524,32
3304508,1
3304409,4
3304201,42
3304300,4
3304151,1
3304144,45
3304128,0
3304110,8
3304102,2
3304003,2
3303955,5
3303906,26
3303856,6
3303807,11
3303708,14
3303609,5
3303500,334
3303401,32
3303302,163
3303104,0
3303203,63
3303005,5
3302908,2
3302858,79
3302809,4
3302700,31
3302601,10
3302502,75
3302452,0
3302403,74
3302304,0
3302270,50
3302254,6
3302205,25
3302106,3
3302056,0
3302007,62
3301900,115
3301876,8
3301850,12
3301801,0
3301603,2
3301702,479
3301504,2
3301405,5
3301306,6
3301207,0
3541208,1
3541059,1
3541000,47
3540903,3
3540853,0
3540804,1
3540754,5
3540606,3
3540705,4
3540507,1
3540408,1
3540309,0
3515707,34
3515608,0
3515509,10
3515400,1
3515301,1
3515350,2
3515202,0
3515194,0
3515186,3
3515152,3
3301157,5
3301108,7
3301009,195
3300951,0
3300936,1
3300902,0
3300803,5
3300704,91
3300605,2
3300506,4
3300456,215
3300308,10
3300407,36
3300258,2
3300233,13
3300225,0
3300209,35
3300159,0
3300100,66
3205309,160
3205200,226
3205176,6
3205101,35
3205150,2
3205069,1
3205036,7
3205010,15
3205002,363
3204955,2
3204906,67
3204807,1
3204708,9
3204658,1
3204609,4
3204559,4
3204500,2
3204401,2
3204351,1
3204302,3
3204252,1
3204203,4
3204104,8
3204054,26
3204005,5
3203908,10
3203809,2
3203700,5
3203601,2
3203502,3
3203403,5
3203353,1
3203346,5
3203320,13
3203304,6
3203205,79
3203163,0
3203130,7
3203106,0
3203056,19
3203007,8
3202801,10
3202900,3
3202702,4
3161304,0
3161205,1
3161106,4
3161056,1
3161007,2
3160959,0
3160900,0
3160801,0
3160702,1
3160454,2
3160603,0
3160405,1
3160306,0
3160207,1
3160108,0
3160009,0
3159902,1
3159803,1
3159704,0
3159605,1
3159506,1
3159407,0
3159357,1
3159308,0
3159209,0
3159100,0
3159001,0
3158953,5
3158904,1
3158805,0
3158607,0
3158508,0
3158409,0
3158300,0
3158201,0
3158102,2
3158003,0
3157807,82
3157906,3
3157708,3
3157658,2
3157609,0
3157500,1
3157401,0
3157377,1
3157336,2
3157302,0
3157278,1
3157252,3
3157203,4
3157104,0
3157005,6
3156908,5
3156809,2
3503406,2
3503356,0
3503307,10
3503208,17
3503158,0
3503109,2
3503000,1
3502903,4
3502804,35
3502754,3
3502705,1
3502606,0
3502507,3
3502408,1
3502309,0
3502200,1
3502101,16
3502002,0
3501905,4
3501806,0
3501707,3
3501608,23
3501400,3
3501509,0
3501301,4
3501202,0
3501152,0
3156700,31
3156601,2
3156502,1
3156452,0
3156403,0
3156304,1
3156106,0
3156007,3
3155900,1
3155801,4
3155702,2
3155603,2
3155504,2
3155405,3
3155306,0
3155207,0
3155108,0
3155009,0
3154903,2
3154804,1
3154705,1
3154606,120
3154507,0
3154457,1
3154408,0
3154309,4
3154200,0
3154150,0
3154101,0
3154002,4
3153707,0
3153608,0
3153509,1
3153400,0
3153301,0
3153202,0
3153103,0
3152907,1
3152808,4
3152709,0
3152600,0
3152501,4
3152402,7
3152303,1
3152204,1
3152170,2
3152105,8
3152006,8
3151909,3
3151800,10
3151701,1
3151602,1
3151503,4
3151404,1
3151305,0
3151206,2
3151107,0
3151008,0
3150802,3
3150901,0
3150703,2
3150604,0
3150570,0
3150539,0
3150505,0
3150406,0
3150307,1
3150208,1
3150158,1
3150109,0
3150000,1
3149952,1
3149903,1
3149804,1
3149705,1
3149606,0
3149408,0
3149309,10
3149150,1
3149101,0
3149002,1
3148905,0
3148806,1
3148756,2
3148707,6
3148608,5
3148509,4
3148400,0
3148301,3
3148202,0
3202652,4
3202603,1
3202553,1
3202504,0
3202454,9
3202405,65
3202256,2
3202306,5
3202207,13
3202108,14
3202009,0
3201902,5
3201803,1
3201704,0
3201605,23
3201407,7
3201506,49
3201209,45
3201308,297
3201159,3
3201100,1
3201001,6
3200904,11
3200805,15
3200706,3
3200607,38
3200508,0
3200409,6
3200359,3
3200300,1
3200201,3
3200169,4
3200136,1
3200102,14
3172202,1
3172103,0
3172004,7
3171907,1
3171808,1
3171709,1
3171600,0
3171501,1
3171402,0
3171303,13
3171204,49
3171154,0
3171105,0
3171071,0
3171030,0
3171006,1
3170909,0
3170800,10
3170750,1
3170701,9
3170651,1
3170602,0
3170578,1
3170529,2
3170503,3
3170479,0
3170438,0
3170404,22
3170305,0
3170206,139
3170107,47
3170057,2
3170008,0
3169901,15
3169703,0
3169604,6
3169505,5
3169406,1
3169356,4
3169307,9
3169208,2
3169109,0
3169059,0
3168903,0
3169000,4
3168804,1
3168606,23
3168309,0
3168200,0
3168101,0
3168051,0
3168002,6
3167905,0
3167806,0
3167707,1
3167608,0
3167509,0
3167400,1
3167301,1
3167202,46
3167103,2
3167004,0
3166907,0
3166956,0
3166808,2
3166709,2
3166501,5
3166402,0
3166303,2
3166204,0
3166105,0
3166006,0
3165909,0
3165800,0
3165701,0
3165602,1
3165578,0
3165560,0
3165552,3
3165537,7
3165503,0
3165404,0
3165305,1
3165206,1
3165107,0
3165008,1
3164902,0
3164803,1
3164704,7
3164605,0
3164506,1
3164472,0
3164431,0
3164407,1
3164308,0
3164209,0
3164100,0
3164001,1
3163904,0
3163805,1
3163706,1
3163607,0
3163508,0
3163409,1
3163300,0
3163201,0
3163102,0
3163003,0
3162955,5
3162948,0
3162922,4
3162906,0
3162807,1
3162708,1
3162658,0
3162575,2
3162609,0
3162559,2
3162500,11
3162450,4
3162401,1
3162252,0
3162203,0
3162104,3
3162005,3
3161908,2
3161809,2
3161700,2
3161650,3
3161601,2
3161502,2
3161403,0
3148103,28
3148004,24
3147956,0
3147907,5
3147808,0
3147709,1
3147600,0
3147501,0
3147402,5
3147303,0
3147204,0
3147105,7
3146909,4
3147006,25
3146750,0
3146701,0
3146602,0
3146552,0
3146503,1
3146404,1
3146305,4
3146255,2
3146206,2
3146107,5
3146008,2
3145877,1
3145901,4
3145851,0
3145802,0
3145703,0
3145604,1
3145455,0
3145406,0
3145372,0
3145356,6
3145208,17
3145307,5
3145109,1
3145059,2
3145000,3
3144904,0
3144805,8
3144706,3
3144672,1
3144607,1
3144656,0
3144508,1
3144409,0
3144375,0
3144359,2
3144300,13
3139607,15
3139508,6
3139409,12
3139300,6
3139250,1
3139201,4
3139102,0
3139003,7
3138906,1
3138807,0
3138708,0
3138682,1
3138674,1
3138658,0
3138625,1
3138609,0
3138500,0
3138401,3
3138351,0
3138302,1
3138203,6
3138104,2
3138005,0
3137908,0
3137809,1
3137700,2
3137601,3
3137536,0
3137502,2
3137403,0
3137304,1
3137205,2
3137106,2
3136959,0
3137007,3
3136900,0
3136801,1
3136702,60
3136652,4
3136603,1
3136579,3
3136553,0
3136520,0
3136504,0
3136405,0
3136306,17
3136207,10
3136108,0
3136009,5
3135902,0
3135803,2
3135704,0
3135506,3
3135605,4
3135456,1
3135407,2
3135357,4
3135308,0
3135209,9
3135100,12
3135076,0
3168705,19
3168507,0
3168408,2
3153905,2
3153806,0
3135050,3
3135001,0
3134905,0
3134806,0
3134707,0
3134608,1
3134509,0
3134400,3
3134301,3
3134202,18
3134103,1
3134004,1
3133907,0
3133808,13
3133758,2
3133709,1
3133600,0
3133501,1
3133402,1
3133303,9
3133204,1
3133105,0
3133006,1
3132909,0
3132701,6
3132503,3
3132404,8
3132305,3
3132206,0
3132107,5
3132008,1
3131802,3
3131901,5
3131703,11
3131604,1
3131505,1
3131406,1
3131307,59
3131208,2
3131158,4
3131109,0
3131000,4
3130903,1
3130804,0
3130705,0
3130655,1
3130606,0
3130556,2
3130507,2
3130408,3
3127602,2
3127503,1
3127404,0
3127388,0
3127370,1
3127354,0
3127339,1
3127305,0
3127073,0
3127206,0
3127107,10
3127057,0
3127008,3
3126950,1
3126901,4
3126802,0
3126752,1
3126703,1
3126604,1
3126505,0
3126406,0
3126307,0
3126208,1
3126000,0
3126109,3
3125952,1
3125903,2
3125804,0
3125705,0
3125606,5
3125507,0
3125408,1
3125309,0
3125101,2
3124906,0
3125002,1
3124807,1
3124708,0
3124609,0
3124500,0
3124401,0
3124203,2
3124302,5
3124104,25
3123908,0
3124005,6
3123809,0
3123858,0
3123700,2
3123601,2
3123528,2
3123403,0
3123304,0
3123205,2
3123106,0
3123007,0
3122900,0
3122702,0
3122603,0
3122504,0
3122470,0
3122454,0
3122355,1
3122405,0
3122306,19
3122207,1
3122108,3
3122009,2
3121902,1
3121803,0
3121704,1
3121605,6
3121506,0
3121407,0
3121308,0
3121258,1
3121209,0
3121100,0
3121001,1
3120904,11
3120870,2
3120839,0
3120805,0
3120706,0
3120607,0
3120508,0
3120409,2
3120300,0
3120201,0
3120151,0
3120102,2
3120003,2
3144201,0
3144102,0
3144003,7
3143906,12
3143807,0
3143708,0
3143609,0
3143500,1
3143450,2
3143401,1
3143302,83
3143203,1
3143153,0
3143104,6
3143005,0
3142908,2
3142809,5
3142700,2
3142601,1
3142304,0
3142403,0
3142254,2
3142205,0
3142106,1
3142007,3
3141900,0
3141801,1
3141702,2
3141603,0
3141504,1
3141405,4
3141306,0
3141207,0
3141108,9
3141009,0
3140902,3
3140803,1
3140852,0
3140704,7
3140605,1
3140555,0
3140530,2
3140506,0
3140407,0
3140308,0
3140159,3
3140100,1
3140001,9
3139904,1
3139805,0
3139706,2
3119955,0
3119906,0
3119807,0
3119708,0
3119609,0
3119500,0
3119401,28
3119302,3
3119203,0
3119104,4
3119005,0
3118908,0
3118809,1
3118700,0
3118601,243
3118502,0
3118403,3
3118304,9
3118205,0
3118106,2
3118007,5
3117900,0
3117876,0
3117801,1
3117702,0
3117603,1
3117504,0
3117405,0
3117306,3
3117207,0
3117108,2
3117009,0
3116902,1
3116803,3
3116704,0
3116605,3
3116506,0
3116407,0
3116308,1
3116209,0
3116159,0
3116100,0
3116001,0
3115706,2
3115904,0
3115805,0
3115607,0
3115508,1
3115474,0
3115458,3
3115409,0
3115359,0
3115300,2
3115201,0
3115102,0
3115003,0
3114808,0
3114709,0
3114550,1
3114600,0
3114501,2
3114402,0
3114303,3
3114204,1
3114105,0
3114006,0
3113909,1
3113800,0
3112109,1
3112059,0
3112000,0
3111903,0
3111804,0
3111705,0
3111606,4
3111507,3
3111309,1
3111408,0
3111200,8
3111101,1
3111150,0
3111002,0
3110905,0
3110806,0
3110707,0
3110608,1
3110509,2
3110400,0
3110301,1
3110202,0
3110004,1
3110103,0
3109907,0
3109808,1
3109709,0
3109600,0
3109501,0
3109451,0
3109303,5
3109402,5
3109253,1
3109204,2
3109105,0
3109006,2
3108909,0
3108800,0
3108701,0
3108602,2
3108552,2
3108503,0
3108404,0
3108305,1
3108255,0
3108206,0
3108107,0
3108008,1
3107802,2
3107901,2
3107703,0
3107604,1
3107505,1
3107406,3
3107307,7
3107208,0
3107000,0
3107109,4
3106903,1
3106804,0
3106705,223
3106606,1
3106507,0
3106408,0
3106309,2
3130309,0
3130200,3
3130101,19
3130051,0
3130002,0
3129905,1
3129806,68
3129707,2
3129657,1
3129608,2
3129509,0
3129400,0
3129301,3
3129202,1
3129103,0
3129004,1
3128907,1
3128808,0
3128709,8
3128600,0
3128501,0
3128402,0
3128303,0
3128253,0
3128204,0
3128105,0
3128006,4
3127800,0
3127701,100
3106200,724
3106101,0
3106002,0
3105905,2
3105707,0
3105608,5
3105509,0
3105400,3
3105301,0
3105202,1
3105103,2
3105004,2
3104908,0
3104809,0
3104700,2
3104601,1
3104502,4
3104452,1
3104403,0
3104205,4
3104304,1
3104106,1
3104007,6
3103900,1
3103801,0
3103751,0
3103702,0
3103603,0
3103504,23
3103405,1
3103306,0
3103207,0
3103009,0
3102902,0
3102852,4
3102803,1
3102704,1
3102605,3
3102506,1
3102407,2
3102308,1
3102209,1
3102100,0
3102050,0
3102001,0
3101805,1
3101904,2
3101706,3
3101631,0
3101607,8
3101508,0
3101409,0
3101300,0
3101201,0
2930808,1
2930774,8
2930766,2
2930758,1
2930709,117
2930600,3
2930501,13
2930402,2
2930303,3
2930204,3
2930154,2
2930105,12
2930006,0
2929909,1
2929800,1
2929750,1
2929701,5
2929602,4
2929503,15
2929404,2
2929370,0
2929354,6
2929305,7
2929255,3
2929206,8
2929107,3
2929057,4
2928950,0
2929008,2
2928901,0
2928802,12
2928703,43
2928604,19
2928505,1
2928406,0
2928307,1
2928208,3
2928109,9
2928059,11
2928000,4
2927903,1
2927804,0
2927606,4
2927705,9
2927507,3
2927408,1913
2927309,3
2927200,3
2927101,1
2927002,18
2926905,0
2926806,0
2926707,1
2926608,7
2926657,1
2926509,0
2926400,3
2926301,5
2926202,0
2926103,0
2926004,7
2925931,2
2925956,2
2925907,0
2925808,4
2925758,7
2925709,1
2925600,5
2925501,12
2925402,2
2925303,137
2925253,2
2925105,7
2925204,11
2925006,1
2924801,1
2924900,1
2924702,0
3113701,3
3113602,1
3113503,0
3113404,15
3113305,6
3113206,0
3112901,1
3113107,0
3113008,8
3112802,0
3112703,0
3112653,1
3112604,3
3112505,0
3112406,0
3112307,10
3112208,0
2924678,2
2924652,2
2924603,7
2924504,0
2924405,2
2924306,1
2924207,3
2924108,0
2924058,0
2924009,65
2923902,11
2923803,9
2923704,2
2923605,1
2923506,0
2923407,4
2923357,3
2923308,0
2923209,1
2923100,8
2923050,3
2923035,0
2923001,23
2922904,5
2922854,1
2922805,3
2922755,1
2922730,1
2922706,3
2922656,2
2922607,0
2922508,12
2922409,4
2922300,4
2922250,0
2922201,1
2922102,1
2922052,1
2922003,17
2921906,1
2921807,0
2921708,4
2921609,0
2921500,2
2921450,0
2921401,2
2921302,3
2921203,4
2921104,12
2921054,0
2921005,22
2920908,2
2920809,2
2920700,5
2920601,5
2920502,1
2920403,1
2920304,0
2920205,0
2920106,5
2920007,2
2919926,7
2919959,0
2919900,0
2919801,1
2919702,5
2919603,2
2919553,1
2919504,3
2919405,1
2919306,0
2919207,152
2919157,2
2919108,0
2919058,2
2919009,0
2918902,0
2918704,0
2906873,7
2906857,1
2906709,2
2906824,0
2906808,4
2906600,2
2906501,45
2906402,2
2906303,18
2906204,3
2906105,2
2906006,20
2905909,1
2905800,17
2905701,145
2905602,13
2905503,2
2905404,3
2905305,1
2905206,2
2905156,0
2905107,3
2905008,2
2904902,8
2904852,3
2904753,2
2904803,1
2904704,14
2904605,9
2904506,3
2904407,0
2904308,1
2904209,0
2904100,0
2904050,2
2904001,1
2903805,1
2903953,0
2903904,9
2903706,2
2903607,3
2903508,5
2903409,6
2903300,3
2903235,1
2903276,0
2903201,0
2903102,1
2903003,0
2902906,6
2902807,8
2902708,5
2902658,0
2902609,3
2902500,0
2902401,3
2902302,2
2902252,2
3101102,5
3101003,1
3100906,4
3100807,1
3100708,0
3100609,0
3100500,4
3100401,0
3100302,1
3100203,1
3100104,1
2933604,6
2933505,5
2933455,0
2933406,0
2933307,251
2933257,1
2933208,24
2933158,2
2933174,1
2933109,2
2933059,2
2933000,2
2932903,78
2932804,2
2932705,13
2932606,1
2932507,8
2932457,0
2932408,5
2932309,9
2932101,0
2932200,11
2932002,5
2931905,3
2931806,2
2931707,4
2931608,3
2931509,1
2931400,2
2931350,105
2931301,4
2931103,1
2931202,2
2931053,0
2931004,2
2930907,0
2902203,3
2902104,11
2902054,3
2901957,0
2902005,0
2901908,5
2901809,0
2901700,1
2901601,1
2901502,0
2901403,0
2901353,2
2901205,3
2901304,0
2901155,1
2901106,7
2901007,5
2900900,2
2900801,6
2900702,71
2900603,0
2900504,1
2900405,0
2900355,5
2900306,6
2900207,5
2900108,0
2807600,14
2807501,3
2807402,27
2807303,1
2807105,14
2807204,4
2807006,1
2806909,0
2806800,2
2806602,7
2806701,33
2806503,2
2806404,3
2806305,3
2806206,4
2806107,2
2806008,2
2805901,6
2805802,4
2805703,23
2805604,9
2805505,3
2805406,4
2805307,1
2805208,0
2805109,2
2804904,1
2805000,0
2804805,79
2804706,1
2804607,7
2804508,4
2804458,1
2804300,2
2804409,10
2804201,4
2804102,2
2803906,3
2804003,10
2803807,0
2803708,1
2803609,10
2803500,33
2803401,4
2803203,9
2803302,2
2803104,1
2803005,13
2802908,38
2802809,2
2802601,0
2802700,3
2802502,1
2802403,2
2802304,2
2802205,3
2802106,27
2802007,1
2801900,0
2801702,1
2801603,2
2801504,2
2801405,4
2801306,4
2801207,6
2801108,0
2801009,4
2800704,2
2800670,5
2800605,14
2800506,8
2800308,157
2800407,1
2918803,6
2918753,0
2918605,0
2918555,2
2918506,2
2918456,2
2918407,78
2918357,6
2918308,3
2918209,0
2918100,7
2918001,55
2917334,1
2917300,9
2917201,0
2917102,16
2917003,4
2916906,0
2916856,8
2916708,3
2916807,0
2916609,4
2916500,13
2916302,5
2916401,31
2916203,3
2916104,17
2916005,8
2915908,3
2915809,5
2915700,3
2915601,34
2915502,16
2915353,4
2915403,4
2915304,3
2915205,6
2915106,4
2915007,1
2914901,8
2914802,185
2914703,14
2914653,17
2914604,26
2914505,9
2914406,2
2914307,0
2914208,1
2914109,1
2914000,12
2913903,14
2913804,1
2913705,11
2913606,116
2913507,10
2913457,2
2913408,0
2913309,0
2913200,2
2913101,3
2913002,0
2912905,6
2912806,2
2912707,10
2912608,0
2912400,3
2912509,0
2912301,1
2912202,2
2912103,13
2912004,1
2911907,6
2911857,0
2911808,6
2911709,13
2911659,0
2911600,4
2911501,1
2911402,4
2911303,0
2911253,2
2911204,14
2911105,1
2911006,1
2910909,0
2910859,1
2910800,316
2910776,3
2910750,1
2910727,96
2910701,5
2910602,14
2910503,10
2910404,4
2910305,0
2910206,0
2910107,0
2910057,58
2910008,2
2909901,11
2909802,10
2909703,0
2909604,17
2909505,0
2909406,0
2909307,0
2909208,4
2909109,1
2909000,1
2908903,2
2908804,0
2908705,0
2908606,8
2908507,16
2908408,14
2908309,0
2908200,2
2908101,1
2908002,14
2907905,2
2907806,6
2907707,1
2907608,3
2907558,1
2907509,28
2907301,4
2907202,28
2907103,0
2907004,2
2906907,3
2906899,1
2800209,5
2800100,1
2709400,10
2709301,51
2709202,9
2709152,40
2709103,9
2709004,0
2708956,3
2708907,7
2708808,23
2708709,0
2708600,63
2708501,10
2708402,16
2708303,15
2708204,2
2708105,2
2707909,4
2708006,21
2707800,4
2707701,46
2707602,6
2707503,8
2707404,1
2707305,5
2707206,5
2707107,20
2707008,0
2706901,42
2706802,11
2706703,40
2706604,3
2706505,7
2706448,5
2706422,0
2706406,6
2706307,41
2706208,0
2706109,0
2706000,4
2616308,9
2616209,8
2616183,2
2616100,1
2616001,4
2615904,3
2615805,6
2615706,0
2615607,12
2615508,1
2615409,24
2615300,18
2615201,0
2615102,2
2615003,7
2614857,7
2614808,3
2614709,1
2614600,11
2614501,14
2614402,0
2614303,4
2614204,11
2614105,14
2614006,1
2613909,31
2613800,2
2613701,32
2613602,7
2613503,9
2613404,11
2613305,7
2613206,8
2613107,5
2613008,9
2612901,2
2612802,2
2612703,10
2612604,6
2612554,5
2612505,42
2612471,6
2612455,7
2612406,5
2612307,5
2612208,6
2612109,0
2612000,5
2611903,6
2611804,20
2611606,669
2611705,1
2611507,22
2611408,6
2611309,13
2611200,3
2611002,9
2611101,86
2610905,40
2610806,11
2610707,115
2610608,12
2610509,5
2610400,6
2610301,1
2610202,6
2610103,4
2610004,22
2609907,16
2609808,4
2609709,8
2609600,216
2609501,9
2609402,21
2609303,3
2609204,8
2609154,7
2609105,0
2609006,9
2608909,22
2608800,18
2608750,5
2608701,3
2608602,0
2608503,13
2608453,3
2608404,4
2608305,10
2608255,2
2608206,7
2608057,2
2608107,18
2608008,4
2607950,2
2607901,295
2607802,10
2607752,31
2607703,2
2607653,16
2917904,4
2917805,3
2917706,1
2917607,11
2917508,24
2917409,0
2917359,2
2607604,17
2607505,6
2607406,2
2607307,4
2607208,39
2607000,3
2607109,0
2606903,4
2606804,55
2606705,5
2606606,14
2606507,5
2606408,22
2606309,2
2606200,39
2606101,9
2606002,49
2605905,8
2605806,4
2605707,20
2605608,3
2605509,2
2605459,0
2605400,9
2605301,8
2605202,23
2605152,2
2605103,8
2605004,7
2604908,5
2604809,2
2604700,11
2604601,9
2604502,7
2604403,2
2604304,2
2604205,10
2604155,3
2604106,122
2604007,29
2603926,6
2603900,3
2603801,3
2603702,11
2603603,1
2603504,4
2603454,57
2603405,3
2603306,1
2603108,4
2603207,8
2603009,12
2602902,127
2602803,16
2602704,4
2602605,24
2602506,1
2602407,2
2602308,14
2602209,11
2602100,6
2602001,3
2601904,18
2601805,4
2601706,15
2601607,5
2601508,8
2601409,10
2601300,2
2601201,31
2601102,14
2601052,10
2502151,0
2502102,0
2502052,0
2502003,0
2501906,1
2501807,82
2501708,1
2501609,5
2501575,2
2501534,0
2501500,9
2501401,1
2501351,0
2501302,3
2501203,0
2501153,1
2501104,5
2501005,2
2500908,4
2500809,2
2500775,1
2500734,1
2500700,3
2500601,7
2500577,2
2500536,1
2500502,2
2500403,7
2500304,2
2500205,1
2500106,0
2415008,0
2414902,0
2414803,1
2414753,0
2414704,0
2414605,1
2414506,12
2414456,1
2414407,3
2414308,0
2414209,2
2414159,0
2414100,2
2414001,2
2413904,3
2413805,0
2413706,0
2413607,0
2413557,1
2413508,1
2413409,1
2413359,0
2413300,1
2413201,0
2413102,0
2413003,0
2412906,0
2412807,3
2412708,1
2412609,1
2412559,0
2412500,3
2412401,0
2412302,0
2412203,6
2412104,0
2412005,35
2411908,0
2411809,0
2411700,0
2411601,0
2411502,10
2411429,0
2411403,1
2411205,14
2411106,0
2411056,1
2411007,1
2410900,0
2410801,0
2410702,0
2410504,1
2410603,3
2410405,1
2410306,3
2410256,2
2410207,1
2410108,4
2410009,1
2409902,3
2409803,3
2409704,1
2409605,1
2409506,1
2409407,7
2409332,0
2409209,0
2409308,3
2409100,1
2408953,1
2408904,2
2408805,0
2408706,0
2408607,1
2408508,0
2408409,0
2408300,4
2408201,6
2408102,293
2408003,127
2407906,0
2407807,2
2705903,0
2705705,7
2705804,3
2705606,2
2705507,11
2705408,1
2705309,1
2705200,10
2705101,10
2705002,9
2704906,0
2704807,3
2704708,41
2704609,4
2704500,10
2704401,6
2704302,918
2704203,9
2704104,6
2704005,9
2703908,1
2703809,13
2703759,1
2703700,1
2703601,0
2703502,1
2703403,3
2703304,3
2703205,6
2703106,15
2703007,9
2702900,10
2702801,6
2702702,3
2702603,12
2702553,6
2702504,2
2702405,36
2702355,7
2702306,33
2702207,7
2702108,9
2702009,3
2701902,0
2701803,5
2701704,15
2701605,5
2701506,1
2701407,7
2701357,0
2701308,13
2701209,7
2701100,4
2701001,20
2700904,4
2700805,3
2700607,4
2700706,6
2700508,6
2700409,33
2700300,159
2700201,5
2700102,4
2616506,8
2616407,64
2407708,3
2407609,0
2407500,2
2407401,1
2407302,2
2407252,0
2407104,21
2407203,6
2407005,0
2406908,3
2406809,1
2406700,1
2406502,0
2406601,0
2406403,0
2406304,3
2406205,1
2406155,0
2406106,1
2406007,0
2405900,5
2405801,4
2405702,0
2405603,2
2405504,0
2405405,0
2405306,0
2405207,0
2405108,1
2405009,3
2404903,1
2404853,1
2404804,0
2404705,5
2404606,0
2404507,0
2404408,0
2404309,0
2404200,5
2404101,0
2404002,1
2403905,0
2403806,0
2403756,0
2403707,0
2403608,3
2403509,1
2403400,1
2403301,1
2403251,42
2403202,1
2403103,3
2403004,0
2402907,2
2402808,2
2402709,0
2402600,14
2402501,0
2402402,1
2402303,13
2402204,6
2402105,1
2402006,8
2401909,0
2311009,1
2310951,0
2310902,2
2310852,2
2310803,1
2310704,6
2310605,2
2310506,15
2310407,4
2310308,11
2310258,8
2310209,4
2310100,7
2310001,1
2309904,1
2309805,3
2309706,12
2309607,18
2309508,4
2309458,2
2309409,5
2309300,6
2309201,4
2309102,1
2309003,0
2308906,1
2308807,1
2308708,16
2308609,5
2308500,18
2308401,6
2308377,4
2308351,5
2308302,4
2308203,1
2308104,9
2308005,3
2307908,1
2307809,2
2307700,29
2307650,118
2307635,0
2307601,15
2307502,8
2307403,1
2307304,78
2307254,7
2307205,2
2307106,2
2307007,1
2306900,10
2306801,7
2306702,8
2306603,1
2306553,4
2306504,4
2306405,24
2306306,19
2306256,18
2306207,1
2306108,4
2306009,3
2305902,7
2305803,3
2305704,2
2305654,0
2305605,4
2305506,22
2305407,19
2305357,6
2305308,1
2305332,4
2305266,3
2305233,23
2305209,2
2305001,3
2305100,1
2304954,4
2304905,1
2304806,1
2304707,4
2304657,0
2304608,1
2304509,1
2304459,0
2304400,1169
2304350,5
2304301,1
2304285,27
2304277,1
2304269,1
2304251,1
2304236,0
2304202,44
2304103,8
2304004,3
2303956,6
2303931,4
2303907,2
2303808,5
2303709,166
2303659,2
2303600,2
2303501,12
2303402,0
2303303,3
2303204,11
2601003,4
2600807,5
2600906,11
2600708,10
2600609,3
2600500,10
2600401,4
2600302,12
2600203,1
2600104,11
2517407,0
2600054,57
2517209,0
2517100,1
2517001,4
2516904,2
2516805,0
2516755,0
2516706,5
2516607,1
2516508,4
2516409,1
2516300,0
2516201,13
2516151,0
2516102,2
2516003,0
2515971,0
2515930,0
2515906,0
2515807,2
2515708,0
2515609,0
2515500,2
2515401,1
2515302,19
2515203,0
2515104,8
2515005,0
2514909,3
2514800,1
2514701,0
2514651,0
2514602,1
2514552,1
2514503,0
2514453,0
2514404,1
2514305,0
2514206,1
2514107,1
2514008,0
2513984,0
2513968,0
2513943,0
2513927,0
2513901,17
2513851,0
2513802,2
2513703,99
2513653,0
2513604,1
2513505,3
2513406,0
2513356,2
2513307,1
2513208,1
2513158,2
2513109,2
2513000,0
2512903,7
2512804,1
2512788,0
2512762,0
2512754,0
2512747,1
2512721,0
2512705,2
2512606,0
2512507,11
2512408,7
2512309,2
2512200,0
2512101,6
2512077,0
2512036,0
2511905,4
2512002,4
2511806,2
2511707,0
2511608,1
2511509,3
2511301,1
2511202,12
2511103,1
2511004,0
2510907,3
2510808,57
2510709,0
2510659,0
2510600,0
2510501,1
2510402,3
2510303,0
2510204,1
2510105,4
2510006,0
2509909,2
2509800,4
2509701,5
2509602,0
2509503,0
2509404,2
2509396,2
2509370,0
2509339,0
2509305,1
2509206,0
2509156,0
2509057,0
2509107,6
2509008,4
2508901,11
2508802,0
2508703,0
2508604,8
2508554,0
2508505,2
2508406,0
2508307,6
2508208,0
2508109,0
2508000,2
2507903,0
2507804,1
2507705,1
2507606,0
2507507,495
2507408,2
2507309,3
2507200,1
2507101,4
2507002,2
2506905,8
2506806,3
2506707,1
2506608,4
2506509,0
2506400,1
2506301,20
2506251,2
2506202,0
2506103,1
2506004,4
2505907,0
2505808,1
2505709,2
2505600,4
2505501,0
2505402,2
2505352,0
2505303,2
2505279,0
2505238,0
2505204,2
2505105,5
2505006,2
2504900,0
2504850,1
2504801,1
2504702,2
2504603,14
2504504,1
2504405,3
2504355,0
2504306,7
2504207,1
2504157,0
2504108,0
2504074,0
2504033,2
2504009,187
2503902,1
2503803,1
2503753,0
2503704,9
2503605,0
2503555,1
2503506,2
2503308,1
2503209,73
2503100,0
2503001,11
2502904,6
2502805,4
2502706,0
2502607,1
2502508,6
2502409,2
2502300,0
2502201,0
2303105,0
2303006,8
2302909,0
2302800,19
2302701,10
2302602,5
2302503,10
2302404,16
2302305,1
2302206,5
2302107,8
2302057,0
2302008,4
2301950,2
2301901,16
2301802,1
2301851,5
2301703,5
2301505,2
2301604,2
2301406,4
2301307,8
2301208,3
2301257,1
2301109,12
2301000,37
2300903,1
2300754,6
2300804,4
2300705,4
2300606,1
2300507,1
2300408,7
2300309,22
2300200,6
2300150,4
2300101,0
2211704,1
2211605,0
2211506,0
2211407,0
2211357,0
2211308,1
2211209,2
2211100,4
2209971,1
2209955,0
2209906,2
2209872,0
2209807,0
2209856,0
2209708,0
2209658,0
2209609,0
2209500,0
2209559,0
2209401,1
2209377,1
2209351,0
2209302,1
2209203,0
2209153,1
2209104,1
2209005,2
2208908,0
2208874,0
2208858,0
2208809,1
2208700,0
2208650,1
2208601,0
2208551,0
2208502,1
2208403,4
2208304,2
2208205,0
2208106,4
2208007,17
2207959,0
2207900,1
2207850,1
2207801,3
2207793,0
2207777,0
2207751,0
2207702,33
2207603,2
2207553,2
2207504,1
2207405,0
2207355,0
2207306,0
2207207,0
2207108,0
2207009,1
2206902,0
2206951,1
2206803,0
2206753,0
2206720,1
2206704,0
2206696,0
2206654,0
2206670,1
2206605,0
2206506,0
2206407,2
2206357,1
2206308,0
2206209,1
2206100,0
2206050,0
2206001,0
2205953,1
2205904,1
2205805,4
2205854,0
2205706,1
2205607,0
2205599,0
2205581,0
2205573,0
2205557,0
2205540,0
2205532,1
2205524,0
2205516,0
2205508,1
2205458,1
2205409,5
2205359,0
2205300,1
2205102,0
2205276,1
2205201,0
2205151,0
2511400,0
2401859,1
2401800,2
2401701,0
2401651,0
2401602,3
2401503,0
2401453,3
2401404,2
2401305,2
2401206,2
2401107,2
2401008,7
2400901,3
2400802,0
2400703,3
2400604,0
2400505,5
2400406,0
2400307,0
2400208,23
2400109,0
2314102,8
2314003,5
2313955,3
2313906,2
2313807,6
2313757,3
2313708,0
2313609,5
2313559,2
2313500,8
2313401,17
2313351,1
2313302,19
2313252,0
2313203,6
2313104,17
2313005,3
2312908,33
2312809,1
2312700,13
2312601,2
2312502,5
2312403,11
2312304,7
2312205,4
2312106,3
2312007,5
2311959,2
2311900,4
2311801,13
2311702,2
2311603,10
2311504,7
2311405,31
2311355,0
2311306,34
2311264,5
2311231,0
2311207,0
2311108,5
2205003,1
2204907,0
2204709,1
2204808,1
2204659,0
2204600,0
2204501,2
2204550,0
2204402,1
2204352,0
2204303,0
2204204,0
2204154,1
2204105,0
2204006,0
2203909,8
2203859,0
2203800,0
2203750,0
2203701,5
2203602,0
2203503,1
2203453,0
2203420,0
2203404,1
2203354,0
2203305,0
2203271,0
2203255,0
2203230,0
2203206,0
2203107,1
2203008,1
2202901,2
2202851,2
2202802,0
2202778,0
2202752,0
2202729,1
2202737,0
2202711,0
2202703,2
2202653,0
2202604,1
2202554,1
2200202,2
2200103,0
2200053,0
2114007,15
2113009,8
2112902,9
2112852,1
2112803,10
2112704,6
2112605,2
2112506,6
2112456,3
2112407,3
2112308,3
2112274,0
2112233,3
2112209,36
2112100,2
2112001,3
2111953,0
2111904,1
2111805,1
2111789,0
2111763,3
2111748,2
2111722,0
2111706,4
2111672,1
2111631,0
2111607,2
2111573,0
2111532,1
2111508,13
2111409,0
2111300,458
2111250,1
2111201,48
2111102,3
2111078,0
2111052,0
2111029,0
2111003,1
2110906,0
2110856,2
2110807,0
2110708,5
2110658,0
2110609,0
2110500,2
2110401,0
2110302,0
2110278,1
2110237,1
2110203,1
2110104,7
2110039,3
2110005,15
2109908,25
2109809,6
2109759,0
2109700,0
2109601,9
2109551,2
2109502,4
2109452,11
2109403,1
2109304,2
2109270,0
2109239,2
2109205,1
2109106,22
2109056,0
2109007,5
2108900,2
2108801,2
2108702,1
2108603,15
2108504,4
2108454,2
2108405,2
2108306,13
2108256,1
2108207,14
2108108,4
2108058,0
2108009,1
2107902,5
2107803,5
2107704,3
2107605,2
2107506,19
2107456,0
2107407,4
2107357,1
2107308,0
2107258,0
2107209,1
2107100,2
2107001,0
2106904,3
2106805,1
2106755,4
2106706,1
2106672,0
2106631,1
2106607,2
2106508,2
2106409,1
2106375,1
2106359,0
2106326,2
2106201,0
2106300,0
2106102,0
2106003,1
2105989,1
2105963,0
2105948,0
2105922,0
2105906,2
2105807,0
2105708,15
2105658,2
2105609,0
2105500,3
2105476,5
2105450,1
2211001,202
2210979,0
2210953,0
2210938,1
2210904,0
2210805,0
2210706,2
2210656,0
2210631,1
2210623,0
2210607,5
2210508,0
2210409,0
2210391,0
2210383,0
2210375,0
2210359,0
2210300,0
2210201,1
2210102,0
2210052,0
2210003,1
2105427,12
2105401,13
2105351,4
2105302,107
2105203,5
2105153,0
2105104,0
2105005,4
2104909,2
2104800,23
2104701,0
2104677,12
2104651,2
2104628,1
2104602,0
2104552,8
2104503,0
2104404,2
2104305,0
2104206,3
2104107,0
2104099,0
2104081,0
2104073,0
2104057,15
2104008,3
2103802,2
2103901,1
2103752,1
2103703,7
2103604,7
2103554,3
2103505,4
2103406,14
2103307,30
2103257,1
2103208,7
2103174,1
2103158,0
2103109,0
2103125,3
2103000,39
2102903,2
2102804,2
2102754,1
2102705,0
2102606,4
2102556,2
2102507,1
2102408,1
2102374,2
2102358,0
2102325,28
2102309,2
2102200,0
2102150,1
2102101,1
2102077,1
2102036,5
2102002,10
1703206,1
1703107,2
1703073,0
1703057,0
1703008,2
1702901,3
1702703,0
1702554,2
1702406,2
1702307,0
1702208,17
1702158,0
1702109,54
1702000,4
1701309,0
1701903,0
1701101,0
1701051,1
1701002,5
1700707,3
1700400,0
1700350,1
1700301,1
1700251,1
1600808,3
1600709,1
1600600,41
1600550,0
1600535,6
1600501,3
1600402,4
1600303,181
1600279,14
1600238,1
1600253,1
1600212,1
1600204,3
1600154,0
1600105,1
1600055,0
1508407,23
1508357,0
1508308,3
1508209,10
1508159,15
1508126,15
1508100,59
1508084,40
1508050,0
1508035,1
1508001,36
1507979,1
1507961,4
1507953,66
1507904,0
1507805,1
1507755,0
1507607,20
1507706,1
1507508,6
1507474,8
1507466,1
1507409,1
1507458,15
1507201,8
1507300,27
1507151,25
2202539,1
2202505,1
2202455,0
2202406,1
2202307,1
2202208,7
2202174,0
2202133,0
2202117,0
2202109,0
2202091,0
2202083,0
2202075,0
2202059,1
2202026,0
2202000,3
2201960,0
2201945,0
2201929,0
2201903,3
2201804,0
2201770,0
2201739,2
2201705,0
2201606,0
2201572,0
2201507,3
2201408,1
2201309,0
2201200,3
2201176,0
2201150,0
2201101,1
2201051,1
2201002,0
2200954,0
2200905,0
2200806,0
2200707,0
2200608,0
2200509,3
2200459,1
2200400,4
2200301,1
2200277,0
2200251,2
1507102,5
1507003,7
1506906,0
1506807,10
1506708,25
1506609,13
1506583,1
1506559,2
1506500,24
1506401,0
1506351,5
1506302,3
1506203,13
1506195,2
1506187,41
1506161,4
1506138,50
1506112,0
1506104,4
1506005,3
1505908,5
1505809,12
1505700,0
1505650,1
1505635,4
1505601,3
1505551,1
1505536,78
1505502,102
1505494,1
1505486,29
1505437,23
1505403,5
1505304,3
1505205,3
1505106,4
1505064,31
1505031,26
1504976,6
1505007,1
1504950,3
1504901,3
1504802,2
1504752,0
1504703,29
1504604,9
1504505,0
1504455,3
1504422,126
1504406,4
1504307,2
1504208,240
1504109,2
1504059,13
1504000,2
1501303,47
1501253,1
1501105,1
1501204,14
1501006,2
1500958,4
1500909,5
1500859,12
1500800,486
1500701,1
1500602,64
1500503,3
1500305,5
1500404,2
1500347,6
1500206,3
1500131,2
1500107,43
1400704,1
1400605,2
1400506,1
1400472,8
1400407,0
1400456,1
1400308,5
1400282,2
1400233,2
1400209,5
1400175,3
1400159,2
1400100,82
1400050,4
1400027,3
1304302,4
1304401,0
1304260,5
1304237,0
1304203,9
1304104,1
1304062,15
1304005,1
1303957,2
1303908,1
1303700,1
1303809,3
1303601,1
1303569,5
1303536,7
1303502,2
1303403,10
1303304,1
1303205,3
1303007,0
1303106,2
1302900,15
1302801,0
1302603,847
1302702,6
1302553,2
1302504,24
1302405,7
1302306,0
1302207,2
1302108,0
1302009,1
1301951,0
1301902,12
1301852,13
1301803,0
1301704,5
1301654,0
1301605,6
1301506,0
1301407,6
1301308,5
1301209,17
1301159,1
1301100,5
1301001,2
1300904,2
1300839,0
1300805,4
1300706,6
1300680,2
1300631,2
1300607,3
1300508,0
1300409,3
1300300,3
1300201,2
1300144,4
1300102,1
1300086,0
1300060,0
1300029,1
1200807,3
1200708,1
1200609,2
1200500,9
1200450,4
1200435,0
1200427,3
1200401,99
1200393,0
1200385,3
1722081,3
1721307,1
1721208,6
1721257,0
1721109,1
1721000,47
1720978,0
1720937,0
1720903,6
1720804,0
1720655,1
1720499,1
1720309,1
1720259,0
1720150,0
1720200,1
1720002,1
1720101,2
1719004,1
1718907,2
1718899,0
1718881,0
1718865,1
1718840,0
1718808,2
1718758,1
1718709,0
1718659,0
1718550,0
1718501,1
1718451,1
1718402,1
1718303,1
1718204,20
1718006,0
1717909,2
1717503,0
1717800,0
1717206,0
1717008,1
1716653,0
1716703,2
1716604,4
1716505,3
1716307,2
1716208,0
1716109,9
1715754,0
1715705,2
1715507,0
1715259,2
1715150,1
1715101,2
1715002,0
1714880,4
1714203,2
1714302,1
1713957,0
1713809,1
1713700,1
1713601,2
1713304,4
1713205,4
1712702,0
1712801,1
1712504,0
1712454,0
1712405,0
1712157,0
1712009,2
1711951,2
1711902,2
1711803,0
1711100,2
1711506,1
1710904,1
1710706,0
1710508,2
1709807,1
1709500,18
1709302,7
1709005,2
1708254,0
1708304,1
1707702,1
1707652,0
1707553,0
1707405,1
1707306,0
1707207,0
1707108,0
1707009,6
1706506,1
1706258,0
1706100,1
1706001,1
1705607,1
1705557,0
1705508,6
1705102,1
1704600,0
1704105,0
1703909,0
1703891,0
1703883,0
1703867,0
1703842,3
1703826,0
1703800,0
1703701,2
1703602,0
1703305,3
1200351,1
1200344,0
1200328,0
1200336,1
1200302,7
1200203,17
1200252,2
1200179,2
1200138,0
1200104,6
1200013,5
1200054,0
1101807,0
1101757,5
1101708,3
1101609,2
1101559,0
1101500,2
1101492,5
1101484,2
1101476,1
1101468,0
1101450,1
1101435,0
1101302,3
1101401,8
1101203,2
1101104,0
1101005,0
1100940,7
1100908,1
1100924,1
1100809,4
1100700,16
1100601,1
1100502,1
1100452,27
1100379,6
1100403,13
1100346,2
1100338,15
1100320,5
1100304,26
1100296,0
1100262,5
1100288,9
1100205,203
1100254,1
1100189,8
1100155,15
1100148,3
1100130,17
1100122,4
2101970,6
2101939,0
2101905,0
2101731,0
2101772,1
2101707,2
2101608,9
2101509,2
2101400,29
2101350,1
2101301,1
2101251,2
2101202,37
2101103,2
2101004,3
2100956,3
2100907,0
2100873,0
2100832,0
2100808,1
2100600,15
2100709,3
2100550,1
2100501,1
2100436,6
2100477,7
2100402,1
2100303,3
2100204,2
2100154,2
2100105,0
2100055,48
1722107,0
1503903,3
1503754,3
1503804,26
1503705,22
1503606,36
1503507,4
1503457,11
1503408,3
1503309,21
1503200,5
1503101,3
1503093,18
1503077,7
1503044,9
1503002,0
1502905,3
1502954,15
1502939,19
1502855,0
1502806,4
1502772,10
1502764,1
1502756,8
1502707,14
1502509,1
1502608,1
1502400,105
1502301,28
1502202,14
1502152,8
1502103,9
1502004,0
1501956,4
1501907,3
1501808,10
1501782,26
1501725,2
1501758,5
1501709,32
1501600,0
1501576,3
1501501,31
1501451,0
1501402,895
1100106,11
1100114,10
1100098,2
1100080,6
1100072,0
1100064,2
1100056,9
1100049,20
1100031,0
1100023,43
1100015,7
